Booking ID,Name,Phone,Email,Check In,Check Out,Room Type,Adults,Children
HNDXSJ,Bùi Yến,0989525348,bui.yen67@outlook.com,2026-05-31,2026-06-03,Deluxe,4,2
HNGTQJ,Phan Trang,0987711026,phan.trang50@hust.edu.vn,2026-04-19,2026-04-20,Deluxe,2,1
HNRPVH,Huỳnh Anh,0988758813,huynh.anh36@company.vn,2026-06-21,2026-06-26,Deluxe,2,0
HNHPI7,Bùi Anh,0865726510,bui.anh51@gmail.com,2026-04-22,2026-04-24,Deluxe,2,0
HN9XF9,Võ Khánh,0984358817,vo.khanh95@yahoo.com,2026-06-19,2026-06-21,Deluxe,4,0
HNE5E8,Huỳnh Thịnh,0915333365,huynh.thinh74@outlook.com,2026-05-08,2026-05-15,Deluxe,3,1
HNUTHZ,Đỗ Khánh,0906120986,do.khanh33@outlook.com,2026-04-12,2026-04-18,Club Suite,1,1
HNOD6W,Ngô Trang,0977543195,ngo.trang36@outlook.com,2026-05-27,2026-05-28,Deluxe,2,1
HN8V6X,Hồ Châu,0862850483,ho.chau35@hust.edu.vn,2026-06-23,2026-06-30,Junior Suite,1,2
HNWT6X,Hoàng Minh,0881636170,hoang.minh34@outlook.com,2026-04-10,2026-04-17,Deluxe,4,0
HN21QZ,Đỗ Trang,0904831956,do.trang52@company.vn,2026-05-20,2026-05-27,Deluxe,4,0
HNAIJW,Dương Hải,0916902119,duong.hai64@yahoo.com,2026-06-08,2026-06-09,Deluxe,3,0
HNP004,Phạm Bình,0915266084,pham.binh71@outlook.com,2026-06-21,2026-06-28,Junior Suite,2,2
HNWWH3,Đặng Yến,0916279717,dang.yen89@company.vn,2026-04-09,2026-04-11,Club Suite,1,0
HNDAM5,Dương Phong,0867883023,duong.phong45@outlook.com,2026-05-25,2026-05-30,Deluxe,4,0
HNGABH,Huỳnh Tuấn,0913411845,huynh.tuan75@hust.edu.vn,2026-04-15,2026-04-16,Deluxe,2,1
HNWVFZ,Huỳnh Minh,0862442411,huynh.minh73@hust.edu.vn,2026-04-09,2026-04-15,Junior Suite,3,0
HNCYIH,Huỳnh Ngọc,0989531620,huynh.ngoc99@outlook.com,2026-06-11,2026-06-13,Deluxe,2,1
HNB1DJ,Phạm Châu,0889755753,pham.chau43@hust.edu.vn,2026-04-28,2026-05-05,Deluxe,2,0
HNVPCY,Phạm Hải,0972118715,pham.hai64@yahoo.com,2026-04-21,2026-04-23,Deluxe,4,1
HNQRJC,Dương Tuấn,0905178393,duong.tuan94@company.vn,2026-04-10,2026-04-11,Deluxe,4,0
HN3LT5,Nguyễn Anh,0986878565,nguyen.anh34@yahoo.com,2026-05-11,2026-05-17,Deluxe,4,0
HNLEFC,Phạm Trang,0983307633,pham.trang79@gmail.com,2026-04-17,2026-04-20,Junior Suite,3,0
HNJWZO,Hoàng Tuấn,0900253203,hoang.tuan13@outlook.com,2026-06-02,2026-06-08,Deluxe,2,1
HNGVYB,Võ Ngọc,0919696721,vo.ngoc37@hust.edu.vn,2026-04-14,2026-04-19,Deluxe,4,0
HNWHKO,Võ Anh,0902090614,vo.anh40@gmail.com,2026-06-25,2026-07-02,Junior Suite,1,1
HNQTLR,Phan Khánh,0868738490,phan.khanh41@gmail.com,2026-06-30,2026-07-06,Deluxe,3,2
HN1AHE,Đỗ Quang,0882924507,do.quang58@hust.edu.vn,2026-06-21,2026-06-25,Deluxe,2,0
HNGEM6,Dương Minh,0972754121,duong.minh73@yahoo.com,2026-06-14,2026-06-17,Deluxe,1,1
HNQW5F,Hoàng Linh,0917771785,hoang.linh35@hust.edu.vn,2026-04-13,2026-04-17,Junior Suite,1,0
HNKS7T,Nguyễn Hương,0902372512,nguyen.huong46@hust.edu.vn,2026-07-08,2026-07-13,Junior Suite,3,1
HNQEIQ,Phạm Minh,0902228323,pham.minh92@yahoo.com,2026-05-07,2026-05-13,Junior Suite,4,3
HNRRVX,Hồ Hải,0917870167,ho.hai38@company.vn,2026-04-16,2026-04-20,Deluxe,4,0
HN7TQ7,Nguyễn Hải,0975253341,nguyen.hai58@hust.edu.vn,2026-04-25,2026-05-01,Junior Suite,2,0
HNG08T,Dương Quang,0974976987,duong.quang6@hust.edu.vn,2026-05-01,2026-05-08,Deluxe,4,0
HN9JC2,Lê Linh,0882057654,le.linh21@yahoo.com,2026-07-06,2026-07-08,Deluxe,1,0
HNYRLH,Võ Minh,0981541715,vo.minh8@yahoo.com,2026-06-24,2026-06-27,Club Suite,1,0
HNID2B,Phan Quang,0972627776,phan.quang31@outlook.com,2026-06-15,2026-06-17,Club Suite,1,0
HN6Z4B,Trần Yến,0887611409,tran.yen72@yahoo.com,2026-07-06,2026-07-10,Deluxe,2,0
HN81PY,Hoàng Yến,0908977427,hoang.yen64@gmail.com,2026-07-04,2026-07-08,Deluxe,1,1
HNPF20,Ngô Châu,0885760803,ngo.chau78@gmail.com,2026-05-11,2026-05-17,Deluxe,3,0
HNBQIL,Lê Yến,0919278932,le.yen57@hust.edu.vn,2026-05-20,2026-05-23,Club Suite,1,0
HNQ85L,Phạm Phong,0987354326,pham.phong78@hust.edu.vn,2026-04-29,2026-04-30,Junior Suite,1,2
HNNALE,Dương Hương,0886013364,duong.huong24@yahoo.com,2026-06-19,2026-06-23,Club Suite,3,0
HN0W3X,Nguyễn Bình,0980021857,nguyen.binh35@outlook.com,2026-07-09,2026-07-12,Deluxe,2,1
HNSQ3S,Hồ Châu,0860991135,ho.chau3@yahoo.com,2026-07-04,2026-07-07,Deluxe,4,1
HND332,Huỳnh Trang,0913832023,huynh.trang60@yahoo.com,2026-06-04,2026-06-11,Junior Suite,4,0
HNWYLH,Hoàng Duy,0988403910,hoang.duy40@hust.edu.vn,2026-05-28,2026-06-03,Deluxe,2,0
HN0LC4,Vũ Tuấn,0869268470,vu.tuan1@company.vn,2026-06-07,2026-06-08,Deluxe,3,3
HNEVME,Phan Bình,0984048427,phan.binh29@company.vn,2026-06-14,2026-06-17,Deluxe,1,2
HNZ5G5,Hồ Yến,0863214281,ho.yen86@yahoo.com,2026-04-13,2026-04-17,Club Suite,1,0
HNV1ST,Võ Ngọc,0972295445,vo.ngoc41@hust.edu.vn,2026-06-03,2026-06-04,Junior Suite,4,1
HNXZFY,Đỗ Ngọc,0900691684,do.ngoc32@yahoo.com,2026-06-18,2026-06-22,Deluxe,4,0
HNQ6XQ,Phạm Minh,0860401571,pham.minh58@yahoo.com,2026-07-02,2026-07-07,Junior Suite,2,0
HNJRIG,Ngô Khánh,0888477746,ngo.khanh39@gmail.com,2026-05-06,2026-05-12,Junior Suite,4,1
HN38YZ,Vũ Hải,0867243935,vu.hai45@hust.edu.vn,2026-04-17,2026-04-24,Deluxe,2,2
HNUAG1,Ngô Yến,0977437977,ngo.yen2@gmail.com,2026-04-27,2026-05-01,Junior Suite,2,1
HNCJX5,Đỗ Tuấn,0981652990,do.tuan81@company.vn,2026-07-09,2026-07-14,Junior Suite,4,0
HNH1YM,Bùi Phong,0889274638,bui.phong11@company.vn,2026-04-27,2026-04-30,Deluxe,1,1
HNAVDX,Hoàng Anh,0981948947,hoang.anh40@hust.edu.vn,2026-05-15,2026-05-18,Junior Suite,4,3
HNCNBJ,Ngô Bình,0862063850,ngo.binh61@yahoo.com,2026-06-02,2026-06-05,Deluxe,4,3
HNS74Y,Nguyễn Châu,0860159301,nguyen.chau71@hust.edu.vn,2026-04-27,2026-05-02,Deluxe,3,1
HN86OT,Trần Anh,0917317039,tran.anh58@gmail.com,2026-05-29,2026-06-05,Deluxe,4,0
HNUFAG,Nguyễn Khánh,0902173459,nguyen.khanh45@company.vn,2026-06-20,2026-06-23,Deluxe,2,1
HNBJXI,Đỗ Hải,0911139506,do.hai82@gmail.com,2026-06-14,2026-06-15,Deluxe,4,0
HN7390,Bùi Bình,0988260788,bui.binh14@outlook.com,2026-04-19,2026-04-25,Junior Suite,1,1
HNG2QH,Đặng Hương,0983601937,dang.huong62@company.vn,2026-05-16,2026-05-20,Deluxe,4,0
HN1YNV,Đỗ Quang,0883342115,do.quang23@outlook.com,2026-06-23,2026-06-25,Deluxe,4,0
HNJ0YL,Lê Phong,0889731492,le.phong56@hust.edu.vn,2026-06-06,2026-06-11,Deluxe,1,0
HNSA62,Vũ Quang,0903910968,vu.quang27@yahoo.com,2026-06-08,2026-06-15,Deluxe,2,0
HNM1DI,Huỳnh Thịnh,0860787311,huynh.thinh35@company.vn,2026-04-23,2026-04-26,Club Suite,1,0
HNYCP5,Đặng Thịnh,0900012785,dang.thinh69@company.vn,2026-06-12,2026-06-17,Junior Suite,1,0
HN7CU6,Vũ Khánh,0984218980,vu.khanh72@gmail.com,2026-04-28,2026-05-01,Junior Suite,1,0
HNO3WG,Hồ Anh,0901396917,ho.anh63@gmail.com,2026-06-26,2026-06-28,Deluxe,3,1
HNTMP7,Hồ Yến,0882092572,ho.yen77@hust.edu.vn,2026-04-18,2026-04-24,Deluxe,4,0
HN1UH4,Dương Quang,0880675532,duong.quang80@outlook.com,2026-06-28,2026-06-29,Deluxe,2,2
HNQ9U3,Hoàng Châu,0970741817,hoang.chau62@company.vn,2026-07-02,2026-07-07,Deluxe,4,1
HN00MS,Phạm Ngọc,0987502390,pham.ngoc25@hust.edu.vn,2026-06-04,2026-06-10,Club Suite,4,0
HNGSGT,Huỳnh Hải,0977469689,huynh.hai23@hust.edu.vn,2026-04-11,2026-04-15,Junior Suite,3,0
HNZSA1,Phan Ngọc,0989430894,phan.ngoc17@outlook.com,2026-04-30,2026-05-05,Club Suite,2,2
HNLHH5,Đỗ Minh,0977003378,do.minh32@company.vn,2026-06-25,2026-07-02,Deluxe,3,0
HNHDCP,Huỳnh Tuấn,0866617627,huynh.tuan53@company.vn,2026-04-21,2026-04-22,Deluxe,2,0
HNLDEG,Vũ Thịnh,0903479811,vu.thinh71@hust.edu.vn,2026-07-02,2026-07-05,Deluxe,4,1
HNGL5A,Trần Châu,0880134257,tran.chau62@gmail.com,2026-04-29,2026-05-03,Deluxe,2,0
HN7SJK,Đặng Duy,0975489829,dang.duy18@company.vn,2026-06-11,2026-06-16,Deluxe,2,0
HN1A1A,Huỳnh Bình,0911162762,huynh.binh65@hust.edu.vn,2026-04-21,2026-04-27,Deluxe,2,1
HN369W,Bùi Hương,0971941757,bui.huong77@company.vn,2026-04-10,2026-04-14,Deluxe,4,1
HNUQ3I,Phan Hải,0988997392,phan.hai97@company.vn,2026-04-24,2026-05-01,Deluxe,4,0
HNKCXH,Bùi Minh,0914990468,bui.minh45@gmail.com,2026-04-29,2026-05-05,Deluxe,1,2
HNYREL,Dương Tuấn,0970391887,duong.tuan60@outlook.com,2026-05-10,2026-05-14,Deluxe,1,0
HNPTHV,Bùi Hương,0974190507,bui.huong35@company.vn,2026-05-17,2026-05-20,Deluxe,3,1
HN65VS,Huỳnh Ngọc,0908510320,huynh.ngoc72@yahoo.com,2026-05-03,2026-05-05,Deluxe,1,0
HNWDUE,Lê Linh,0911796592,le.linh8@company.vn,2026-05-03,2026-05-09,Deluxe,3,0
HNQA8A,Nguyễn Quang,0862532168,nguyen.quang72@gmail.com,2026-05-31,2026-06-03,Deluxe,2,0
HNPG0J,Nguyễn Châu,0884864998,nguyen.chau91@yahoo.com,2026-06-12,2026-06-16,Junior Suite,3,0
HNMCL9,Dương Duy,0985262552,duong.duy73@hust.edu.vn,2026-04-23,2026-04-30,Deluxe,1,0
HNIZ80,Ngô Tuấn,0861207114,ngo.tuan30@yahoo.com,2026-07-01,2026-07-08,Junior Suite,2,0
HNZBTL,Võ Khánh,0914213603,vo.khanh37@hust.edu.vn,2026-05-23,2026-05-26,Club Suite,4,1
HN0TQD,Ngô Châu,0975091968,ngo.chau77@company.vn,2026-05-01,2026-05-07,Deluxe,3,0
HN0BQV,Đỗ Anh,0868498559,do.anh44@outlook.com,2026-04-15,2026-04-22,Deluxe,4,1
